{"cameraMode":{"drawMode":0,"name":"Shaded","section":"Shading Mode"},"sceneLighting":true,"audioPlay":false,"sceneViewState":{"showFog":true,"showMaterialUpdate":false,"showSkybox":true,"showFlares":true,"showImageEffects":true,"showParticleSystems":true,"showVisualEffectGraphs":true,"m_FxEnabled":true},"in2DMode":false,"pivot":{"x":-43.68395233154297,"y":1.4900388717651368,"z":49.410499572753909},"rotation":{"x":0.2695547342300415,"y":-0.021665191277861596,"z":0.006065755616873503,"w":0.962727963924408},"size":3.193403720855713,"orthographic":false}