{"cameraMode":{"drawMode":0,"name":"Shaded","section":"Shading Mode"},"sceneLighting":false,"audioPlay":false,"sceneViewState":{"showFog":true,"showMaterialUpdate":false,"showSkybox":false,"showFlares":true,"showImageEffects":true,"showParticleSystems":true,"showVisualEffectGraphs":true,"m_FxEnabled":true},"in2DMode":false,"pivot":{"x":-3.490182876586914,"y":1.0431013107299805,"z":1.9956960678100587},"rotation":{"x":0.46830061078071597,"y":-0.07537952065467835,"z":0.04013979434967041,"w":0.8794342875480652},"size":14.158756256103516,"orthographic":false}